{"cameraMode":{"drawMode":0,"name":"Shaded","section":"Shading Mode"},"sceneLighting":false,"audioPlay":false,"sceneViewState":{"showFog":true,"showMaterialUpdate":true,"showSkybox":true,"showFlares":true,"showImageEffects":true,"showParticleSystems":true},"in2DMode":false,"pivot":{"x":5.436989784240723,"y":-3.7785823345184328,"z":50.54351043701172},"rotation":{"x":0.11131289601325989,"y":0.0792345404624939,"z":-0.00891782995313406,"w":0.9906269907951355},"size":68.8753890991211,"orthographic":false}